code,name,latitude,longitude,is_public
7060,de l'Église / de Verdun,45.46300108733155,-73.57156895217486,1
6173,Berri / Cherrier,45.51908844137639,-73.56950908899307,1
6203,Hutchison / Sherbrooke,45.50781,-73.57208,1
6204,Milton / Durocher,45.5081439,-73.57477158,1
6104,Wolfe / René-Lévesque,45.51681750463149,-73.5541883111,1
6114,Métro Papineau (Cartier / Ste-Catherine),45.52353,-73.55199,1
6174,Roy / St-Denis,45.51908,-73.5727,1
6719,Park Row O / Sherbrooke,45.46072936353252,-73.63407254219055,1
6354,Marcil / Sherbrooke,45.471743,-73.613924,1
6223,du Mont-Royal / du Parc,45.517,-73.589,1
6148,Émile-Duployé / Sherbrooke,45.52729,-73.56463,1
6253,Berri / Jean-Talon,45.53903177583418,-73.614318180189,1
6254,Boyer / Bélanger,45.54006,-73.60897,1
6119,Dorion / Ontario,45.52697,-73.558021,1
6703,Jardin Botanique (Pie-IX / Sherbrooke),45.555205239939916,-73.55582308082374,1
6170,de Mentana / Laurier,45.530046,-73.58677,1
6262,de la Roche /  de Bellechasse,45.537159225331315,-73.59747648239136,1
6012,Métro St-Laurent (de Maisonneuve / St-Laurent),45.51066,-73.56497,1
6175,St-André / Cherrier,45.52054115838411,-73.5677509009838,1
6118,de Champlain / Ontario,45.52504753729988,-73.56003552675247,1
6280,Fairmount / St-Dominique,45.524504989237535,-73.59414249658585,1
6160,Garnier / St-Joseph,45.5329774553515,-73.58122229576111,1
6706,Beatty / de Verdun,45.450729976972944,-73.5725748538971,1
7052,Shearer / Centre,45.483005619293046,-73.56218665838242,1
6421,Cartier / Rosemont,45.541198,-73.590943,1
6258,Parc Père-Marquette (Chambord / Rosemont),45.53702583434782,-73.59316617250443,1
6281,Resther / St-Joseph,45.5277271,-73.58628362,1
6158,Gilford / de Brébeuf,45.53073,-73.58153,1
6092,Crescent / René-Lévesque,45.49606,-73.57348,1
6085,Notre-Dame / Peel,45.4952,-73.56328,1
6018,St-André / Ontario,45.51889,-73.56353,1
6019,Berri / Sherbrooke,45.5179101,-73.56714338,1
6145,du Parc-La Fontaine / Duluth,45.524565651056875,-73.57207864522934,1
6205,Milton / du Parc,45.50971,-73.57354,1
6218,Prince-Arthur / St-Urbain,45.5126137,-73.57372552,1
6302,Stuart / de la Côte-Ste-Catherine,45.515634094300324,-73.60671132802963,1
6301,Parc Outremont (Bloomfield / Elmwood),45.518309446368,-73.60328614711761,1
6215,St-Cuthbert / St-Urbain,45.51494,-73.57821,1
6152,Chabot / du Mont-Royal,45.53413436610843,-73.57349216938019,1
6049,Queen / Wellington,45.49759505413604,-73.55523705482483,1
6179,Duluth / St-Denis,45.52060423232697,-73.57598394155502,1
6070,Milton / Université,45.5064484,-73.57634872,1
6112,Montcalm / de Maisonneuve,45.519157,-73.55786,1
6014,St-Denis / de Maisonneuve,45.51439551451341,-73.56176555156708,1
6009,Ste-Catherine / Labelle,45.51505175851694,-73.55922147631645,1
6725,Métro Monk (Allard / Beaulieu),45.45085122,-73.5940272,1
7056,Godin / Bannantyne,45.4475536968409,-73.57726335525513,1
6026,de la Commune / Place Jacques-Cartier,45.5076289,-73.55187625,1
6100,Mackay /de Maisonneuve (Sud),45.49659,-73.57851,1
6097,Towers / Ste-Catherine,45.492504,-73.581088,1
6901,Ste-Catherine / St-Denis,45.513833539883954,-73.56044590473175,1
7037,Prince-Arthur / Ste-Famille,45.51177336212466,-73.5748131206492,1
6184,Métro Mont-Royal (Rivard / du Mont-Royal),45.524673,-73.58255,1
7027,Terrasse Guindon / Fullum,45.53710474172842,-73.56914430856705,1
6902,Beaudry / Ontario,45.521629790621084,-73.56234759092331,1
6386,Métro Préfontaine (Moreau / Hochelaga),45.5414350841351,-73.55431437492369,1
6393,Dézéry / Ontario,45.540943945201164,-73.54714214801788,1
6190,Pontiac / Gilford,45.526712438356405,-73.58483791351318,1
6154,Marquette / du Mont-Royal,45.53229,-73.57544,1
7072,Beaudry / Sherbrooke,45.52303459543551,-73.56540597975254,1
6124,Poupart / Ontario,45.531834,-73.553478,1
6323,Guizot / St-Laurent,45.53963159810423,-73.63444805145264,1
6025,Notre-Dame / St-Gabriel,45.50714391928411,-73.55511903762817,1
6058,Cypress / Peel,45.49932551028458,-73.57176750898361,1
6196,Villeneuve / St-Laurent,45.521292873028074,-73.58936548233031,1
6200,St-Dominique/Maguire,45.52517749913384,-73.59544605016708,1
6233,Bernard / Jeanne-Mance,45.5242864769531,-73.60497325658798,1
6185,des Érables / Bélanger,45.5491255,-73.60091239,1
6187,Resther / du Mont-Royal,45.52564322426449,-73.58174800872803,1
6207,Ste-Famille / des Pins,45.51281294953485,-73.57701659202576,1
6274,de la Roche / St-Joseph,45.531164,-73.583695,1
6195,de Bullion / St-Joseph,45.5240365462478,-73.59014332294464,1
6181,Clark / Rachel,45.5173538,-73.58212888,1
6349,Ryde / Charlevoix,45.4757434,-73.5646007,1
6052,de la Commune / King,45.4980302,-73.55266482,1
6079,Hutchison/ Prince-Arthur,45.509864,-73.576105,1
6147,Calixa-Lavallée / Sherbrooke,45.52479,-73.56545,1
6177,St-Hubert / Rachel,45.5235066,-73.57641309,1
6221,du Mont-Royal / Clark,45.51941,-73.58685,1
6062,Drummond / Ste-Catherine,45.49863930330429,-73.57422709465027,1
6406,Marché Atwater,45.48020822800015,-73.57759863138199,1
6402,Square Sir-Georges-Etienne-Cartier / Ste-Émilie,45.47266800851548,-73.585389778018,1
6180,Place de la paix ( Pl. du marché / St-Dominique ),45.5096853,-73.56231675,1
6313,Palm / St-Remi,45.470303,-73.589848,0
6101,Métro Villa Maria (Décarie / de Monkland),45.479483,-73.61979,1
6416,Notre-Dame-de-Grâce / Décarie,45.47735333523628,-73.61537218093872,1
6129,de Bordeaux / Sherbrooke,45.53002706078813,-73.56317639350891,1
7054,Cote St-Paul / St-Ambroise,45.467665653865964,-73.59391784324544,1
6029,Bel Air / St-Antoine,45.482779,-73.58452544,1
6156,Marie-Anne / de la Roche,45.52773841379083,-73.5762494802475,1
6161,Cartier / St-Joseph,45.53576,-73.57867,1
6035,Viger / Jeanne Mance,45.504803,-73.5612,1
6067,de Maisonneuve / Robert-Bourassa,45.503475,-73.572103,1
6213,Duluth / St-Laurent,45.516886874634515,-73.57948154211044,1
10002,Métro Charlevoix (Centre / Charlevoix),45.47822787309145,-73.56965124607086,1
6732,Fortune / Wellington,45.477923,-73.559038,1
6098,Bishop / Ste-Catherine,45.49642,-73.57616,1
6219,de l'Hôtel-de-Ville / Roy,45.51733310325783,-73.57443630695343,1
6157,de la Roche / du Mont-Royal,45.5287456,-73.57865408,1
6127,Henri-Julien / de Castelneau,45.537877,-73.618323,1
6905,Parc Rosemont (Dandurand / d'Iberville),45.544377,-73.581018,1
6368,10e avenue / Masson,45.55031640880025,-73.57335805892944,1
6095,Chomedey / de Maisonneuve,45.4917542,-73.58397156,1
6020,Sanguinet / Ontario,45.514784,-73.565338,1
6211,Roy / St-Laurent,45.51561,-73.57569,1
6220,Laval / Duluth,45.519216236873945,-73.57718020677567,1
6138,Gauthier / De Lorimier,45.531818,-73.565317,1
6003,Clark / Evans,45.51113228073946,-73.56790713965893,1
6324,de Liège / Lajeunesse,45.54554155627702,-73.6347484588623,1
6078,Métro Place-des-Arts (de Maisonneuve / de Bleury),45.50708,-73.56917,1
6910,Boyer / Beaubien,45.537041,-73.602026,1
6266,Louis-Hébert / Belllechasse,45.5468001130256,-73.5888934135437,1
7033,Aylmer / Prince-Arthur,45.50885409740791,-73.57792042312212,1
6328,Henri-Julien / Villeray,45.539487469364325,-73.62355560064316,1
7032,Drolet / Laurier,45.526251876092516,-73.58975838928018,1
6188,Mentana / Marie-Anne,45.525983,-73.577808,1
6034,St-Urbain / René-Lévesque,45.5079,-73.563112,1
6108,Logan / Fullum,45.528448693514136,-73.55108499526978,1
6063,Drummond / de Maisonneuve,45.49947,-73.57591,1
6073,de Maisonneuve / Aylmer,45.50501,-73.57069,1
6362,1ère avenue / Rosemont,45.547997,-73.58523,1
6096,Lucien L'Allier / St-Jacques,45.49356916133978,-73.56857568025589,1
6039,McGill / des Récollets,45.500779,-73.558826,1
6057,Peel / avenue des Canadiens de Montréal,45.497697,-73.568646,0
6137,Gauthier / Papineau,45.52969260094507,-73.56740087270737,1
6385,de Bordeaux /Gilford,45.536178,-73.57641,1
6176,St-André / Duluth,45.523171,-73.573431,1
6143,Rachel / de Brébeuf,45.52689,-73.57264,1
6041,St-Jacques / Gauvin,45.500674,-73.561082,1
6268,Chambord / Beaubien,45.539932183126695,-73.59934329986572,1
6192,Berri / St-Grégoire,45.529802,-73.591766,1
6182,de Bullion / du Mont-Royal,45.521484558655224,-73.58498007059097,1
6008,Sanguinet / Ste-Catherine,45.512734,-73.5611406,1
6224,Villeneuve / du Parc,45.51829,-73.59235,1
6903,Napoléon /  St-Dominique,45.516777,-73.577784,1
6120,Ontario / du Havre,45.5336609,-73.5521968,1
6408,Métro George-Vanier (St-Antoine / Canning),45.4891,-73.57656,1
6206,Prince-Arthur / du Parc,45.51059,-73.57547,1
6411,Clark / Prince-Arthur,45.513338,-73.57295,1
6142,Calixa-Lavallée / Rachel,45.527791,-73.572056,1
6150,Messier / du Mont-Royal,45.53711414,-73.5710031,1
6271,Casgrain / de Bellechasse,45.529993,-73.604214,1
6007,de l'Hôtel-de-Ville / Ste-Catherine,45.51164009357107,-73.5621839761734,1
6093,Atwater / Sherbrooke,45.49132174886071,-73.58780980110168,1
6429,Place du Commerce,45.46714,-73.54259,1
6371,4e avenue / Masson,45.546978,-73.575515,1
6916,Parc du Pélican (2e avenue / St-Joseph),45.544513,-73.571564,1
6929,St-André / St-Grégoire,45.53133,-73.59155,1
6350,Island / Centre,45.48149081388884,-73.56475353240967,1
7021,McEachran / Van Horne,45.51834130440452,-73.61664688243762,1
6236,Laurier / de Bordeaux,45.53725879867612,-73.57917040586472,1
6270,Fabre / St-Zotique,45.543541,-73.600982,1
6165,de Brébeuf / Laurier,45.53248,-73.58507,1
6024,Messier / Hochelaga,45.532227058311776,-73.56061805854551,1
6126,Rouen / Fullum,45.53217,-73.55859,1
6907,Boyer / Rosemont,45.534136,-73.595478,1
6136,Métro Laurier (Rivard / Laurier),45.52761627,-73.5891147,1
6087,Notre-Dame / de la Montagne,45.49302901258371,-73.56481790542603,1
6395,Pierre-de-Coubertin / Aird,45.55896,-73.548687,1
6076,Ville-Marie / Ste-Catherine,45.558062603368306,-73.52940759679768,1
6064,Métro Peel (de Maisonneuve / Stanley),45.50038,-73.57507,1
6312,de Kent / de la Côte-des-Neiges,45.501302,-73.633161,1
6015,Berri / de Maisonneuve,45.515299,-73.561273,1
6090,Métro Lucien-L'Allier  (Lucien l'Allier / Argyle),45.49486,-73.57108,1
6276,Chambord / Bélanger,45.542983030174845,-73.6063814163208,1
6407,Métro Lionel-Groulx (Lionel-Groulx / Charlevoix),45.48392802,-73.57731164,1
6017,du Square Ahmerst / Wolfe,45.52106924,-73.5637571,1
6164,Chambord / Laurier,45.5329550401632,-73.58419418334961,1
6107,St-Mathieu /Ste-Catherine,45.493718,-73.579186,1
6396,Métro Pie-IX (Pierre-de-Coubertin / Pie-IX),45.553879,-73.551761,1
6417,Desjardins / Hochelaga,45.55325,-73.54822,1
6202,Ste-Famille / Sherbrooke,45.510016,-73.570654,1
6059,Metcalfe / Ste-Catherine,45.50068473942228,-73.57215642929077,1
6061,Ste-Catherine / McGill College,45.50176,-73.57128,1
6234,Bernard / Clark,45.52697,-73.60261,1
6189,Chabot / Everett,45.550697703294965,-73.60953032970428,1
6733,Rousselot / Villeray,45.548931,-73.616837,1
6151,Parthenais / Mont-Royal,45.536368888563324,-73.57141681015491,1
6381,Omer-Lavallée / Midway,45.5457759528664,-73.56217458844185,1
6383,Bourbonnière / du Mont-Royal,45.55357073967113,-73.56049418449402,1
6717,de Kent / Victoria,45.494805,-73.638772,1
6240,Hudson / de Kent,45.505973,-73.629593,1
7030,de Bordeaux / Marie-Anne,45.53340912723174,-73.57065707445145,1
6167,Marquette / St-Grégoire,45.53703,-73.58584,1
6105,Plessis / René-Lévesque,45.51937252291976,-73.55195805430411,1
6130,Sherbrooke / Frontenac,45.5367,-73.56081,1
6002,Ste-Catherine / Dézéry,45.53923029698213,-73.54108236730099,1
6397,Marché Maisonneuve,45.55319389744088,-73.5398143529892,1
6355,Ontario / Sicard,45.55626145597283,-73.53741109371185,1
6163,Marquette / Laurier,45.53543,-73.5822,1
6321,Gary Carter / St-Laurent,45.536152810858084,-73.62242102622986,1
6248,St-Dominique / Rachel,45.518593,-73.581566,1
6729,St-André / Ste-Catherine,45.516426545782224,-73.5581123828888,1
6171,Wolfe / Robin,45.5195,-73.560269,1
6117,Robin / de la Visitation,45.52087,-73.55922,1
6370,d'Orléans / Masson,45.557192,-73.569847,1
6133,Terrasse Mercure / Fullum,45.535614,-73.566014,1
7050,Ottawa / William,45.48954486106131,-73.56413930654526,1
6046,Métro Bonaventure (de la Gauchetière / Mansfield),45.49871,-73.56671,1
6113,Alexandre-DeSève / de Maisonneuve,45.5219,-73.55534,1
6387,Métro Joliette  (Joliette / Hochelaga),45.547179,-73.551739,1
6140,Marquette / Rachel,45.5298015824607,-73.5702896118164,1
6146,du Parc-La Fontaine / Roy,45.52290738118557,-73.56836378574371,1
6749,St-Jacques / St-Laurent,45.506445,-73.556352,1
6128,Hogan / Ontario,45.535295480380306,-73.55116009712219,1
7002,Tolhurst / Fleury,45.54410128430579,-73.66738557815552,1
6401,des Seigneurs / Workman,45.48791518956182,-73.56964319944382,1
6388,d'Orléans / Hochelaga,45.550668,-73.549502,1
6183,Laval / du Mont-Royal,45.52241290921658,-73.58412981033325,1
6212,Duluth / de l'Esplanade,45.515171744488164,-73.58100235462189,1
6264,Chabot / de Bellechasse,45.5425697477813,-73.59214425086974,1
6155,Garnier / du Mont-Royal,45.53092,-73.57674,1
6139,des Érables / Gauthier,45.53240768,-73.5647763,1
6081,St-Alexandre / Ste-Catherine,45.50537693,-73.5676195,1
6088,Guy / Notre-Dame,45.489951,-73.567091,1
6307,Laval / Rachel,45.52017845247635,-73.57942387461662,1
6032,Métro Place-d'Armes (Viger / St-Urbain),45.50623,-73.55976,1
7018,Joliette / Ste-Catherine,45.54285769556537,-73.53826403617859,1
6409,Lionel-Groulx / George-Vanier,45.48621939184824,-73.5737469792366,1
6384,Darling / Sherbrooke,45.545425,-73.556527,1
6047,University / Prince-Arthur,45.50766169576538,-73.57885992183583,1
6434,Victoria / de Maisonneuve,45.47742856483265,-73.60016942024231,1
6257,de St-Vallier / St-Zotique,45.536299,-73.607773,1
6197,de Bordeaux / Masson,45.53895775569034,-73.58243197202682,1
7066,St-Urbain / de la Gauchetière,45.50706886153978,-73.56124587357044,1
7076,Tupper / du Fort,45.49133952011809,-73.58077501907246,1
6005,Metcalfe / Square Dorchester,45.50023354666628,-73.57112646102905,1
6921,Augustin-Cantin / Shearer,45.48401829,-73.5634366,1
6065,de la Montagne / Sherbrooke,45.4996771,-73.57884854,1
6149,Chapleau / du Mont-Royal,45.53867,-73.56936,1
6131,Fullum / Sherbrooke ,45.533924,-73.562425,1
6702,Chauveau / de l'Assomption,45.569789,-73.548081,1
6739,de Repentigny / Sherbrooke,45.58077,-73.544766,1
6316,Gatineau / Swail,45.496457147256585,-73.62015455961227,1
7074,St-André / Robin,45.518091438595896,-73.56183394789696,1
6194,Tupper / Atwater,45.48885477417901,-73.58359336853027,1
6432,de Maisonneuve / Greene,45.48697062,-73.58929306,1
6066,Mansfield / Ste-Catherine,45.5014018,-73.5718136,1
6084,Lambert-Closse / Tupper,45.489609,-73.582445,1
7026,Maguire / Henri-Julien,45.527041096087785,-73.59347056655677,1
6375,Métro Place St-Henri (St-Ferdinand / St-Jacques),45.477249,-73.587238,1
6709,Le Caron / Marc-Sauvalle ,45.461685,-73.584039,1
7080,President-Kennedy / Robert Bourassa,45.504407470403315,-73.57254266738892,1
6380,Parc J.-Arthur-Champagne (Chambly / du Mont-Royal),45.551584,-73.561916,1
6178,Rivard / Rachel,45.5222776,-73.5775906,1
6230,Waverly / Fairmount,45.52210956205183,-73.59620042145252,1
6379,Bannantyne / de l'Église,45.463257,-73.575621,1
6040,St-Jacques / St-Pierre,45.5028,-73.55917,1
6102,Lincoln / du Fort,45.493034,-73.583836,1
6159,Ann / William,45.495894391754916,-73.5600972175598,1
6267,de Bordeaux / Beaubien,45.54475,-73.5949,1
6705,5e avenue / Bannantyne,45.456365,-73.57614,1
6166,de Brébeuf / St-Grégoire,45.5341,-73.58852,1
6186,St-André / Laurier,45.52955900967215,-73.5876018932322,1
6419,Beaucourt / de la Côte-Ste-Catherine,45.491513,-73.633649,1
6398,Desjardins / Rouen,45.55223975957034,-73.54412734508514,0
6042,de la Gauchetière / Robert-Bourassa,45.500675,-73.565354,1
6436,Côte St-Antoine / Clarke,45.48645209646392,-73.59523415565491,1
6027,de Maisonneuve / Mansfield,45.5022921,-73.57325211,1
6744,Hamilton / Jolicoeur,45.456355,-73.597557,1
6742,Briand / le Caron,45.462362,-73.59665,1
6153,Cartier / Marie-Anne,45.532674,-73.571776,1
7011,Girouard / Terrebonne,45.47843159157294,-73.62489938735962,1
6315,Métro Côte-des-Neiges (Lacombe / de la Côte-des-Neiges),45.4968505432976,-73.62331956624985,1
7003,St-Charles / Sauvé,45.5560649285589,-73.65350246429443,1
6210,Métro Sauvé (Sauvé / Berri),45.550692068419764,-73.65636706352234,1
7014,Édouard-Montpetit (Université de Montréal),45.504525188708364,-73.61798595695291,1
6426,Willibrord / de Verdun,45.459487694540734,-73.57209205627441,1
6216,Parc Jeanne Mance (monument à sir George-Étienne Cartier),45.51496,-73.58503,1
7016,Sherbrooke / Langelier,45.582757156033914,-73.54244291782379,1
6051,de Gaspé / Marmier,45.529686,-73.601728,1
6237,de Lanaudière / Gilford,45.532013,-73.580541,1
6394,Valois / Ontario,45.547132592715165,-73.54368478059769,1
6346,Congres,45.54459352523215,-73.53779464960098,0
6038,McGill / Place d'Youville,45.49975,-73.55566,1
6252,Mozart / St-Laurent,45.53318,-73.61544,1
6503,Métro Parc  (Ogilvy / Hutchison),45.53035130173597,-73.6243924498558,1
6727,de Montmorency / Richardson,45.48489566038642,-73.56011867523193,1
6329,Gounod / St-Denis,45.54176571696572,-73.62612783908844,1
7031,Berri / Rachel,45.52292358945683,-73.57751615345478,1
7034,Clark / Laurier,45.522583736890226,-73.59358858375344,1
6208,Hutchison / des Pins,45.51069,-73.57805,1
6750,des Érables / Rachel,45.5334955551535,-73.56693148612976,1
6249,Bélanger / St-Denis,45.53696,-73.61199,1
6712,LaSalle / Crawford,45.43791380065227,-73.58274042606354,1
6169,Boyer / du Mont-Royal,45.52742616970635,-73.57991807162762,1
6031,St-Antoine / St-François-Xavier,45.50449,-73.5592,1
6305,Davaar / de la Côte-Ste-Catherine,45.514379,-73.610871,1
6309,5e avenue / de Verdun,45.456049,-73.571877,1
6250,Marché Jean-Talon (Henri-Julien / Jean-Talon),45.53678525128436,-73.6148879583925,1
7013,Benny / Crescent,45.46431546986341,-73.62556993961334,1
7010,Belmore / Sherbrooke,45.459233060280816,-73.63740515022073,1
6243,Bloomfield / Bernard,45.52068774,-73.6084279,1
6415,Wilson / Sherbrooke,45.4703,-73.6162,1
6036,de la Commune / St-Sulpice,45.5042453,-73.55354458,1
6050,de la Commune / McGill,45.4986731,-73.55256289,1
6235,St-Dominique / St-Viateur,45.52654331973003,-73.59823286533356,1
6123,Alexandre-de-Sève / la Fontaine,45.523217,-73.558187,1
6083,Square Phillips,45.50409488772675,-73.56869637966156,1
6731,28e avenue / Rosemont,45.564353,-73.571244,1
6306,du Mont-Royal / Vincent-d'Indy,45.510086,-73.611429,1
6201,Villeneuve / de l'Hôtel-de-Ville,45.52354419830203,-73.58733236789703,1
6414,Laporte / Guay,45.48007342327107,-73.58547896146774,1
6111,Parthenais / Ste-Catherine,45.52620613795135,-73.54925036430359,1
6199,Clark / St-Viateur,45.52516404439482,-73.59930574893951,1
6926,Marie-Anne / St-Hubert,45.524634,-73.578755,1
6060,Mansfield / René-Lévesque,45.50015,-73.56928,1
6013,Sanguinet / de Maisonneuve,45.513542213034626,-73.56287062168121,1
6918,9e avenue / Dandurand,45.550769,-73.57711,1
6094,de Gaspé / Fairmount,45.525669,-73.593016,1
6433,Hillside / Ste-Catherine,45.4829,-73.591,1
6251,de Gaspé / Dante,45.534377,-73.612278,1
6331,Guizot / St-Denis,45.543376,-73.632267,1
6023,de la Commune / Berri,45.51086,-73.54983,1
6344,St-Dominique / Jean-Talon,45.535189,-73.617459,1
7019,Jeanne d'Arc / Ontario,45.54957635200452,-73.5419037938118,1
7017,Bennett / Ste-Catherine,45.55302673666147,-73.53238195180893,1
7071,St-Mathieu / Sherbrooke,45.495789104811756,-73.58259558677672,1
7081,Lincoln / Lambert Closse,45.49147762875834,-73.58616422920022,1
6435,Victoria Hall,45.4816,-73.6,1
6072,Metcalfe / de Maisonneuve,45.50171494932855,-73.57413053512573,1
6724,Square Sir-Georges-Étienne-Cartier / Léa Roback,45.471926,-73.58247,1
6279,Louis-Hébert / Bélanger,45.55158237169131,-73.59915554523468,1
6376,16e avenue / St-Joseph,45.55292309731551,-73.56575198471546,1
7039,du Mont-Royal / Augustin-Frigon,45.543763151117474,-73.56772005558014,1
6743,St-Marc / Sherbrooke,45.494514,-73.583368,1
6304,Rockland / Lajoie,45.515617,-73.614991,1
7067,City Councillors / du President-Kennedy,45.50625103256782,-73.57139065861702,1
6405,Duvernay / Charlevoix,45.48203995,-73.57486278,1
6217,Vallières / St-Laurent,45.518977033594894,-73.58363156316045,1
6423,Hôpital général juif (de la Côte Ste-Catherine / Légaré),45.496302,-73.629822,1
6366,Wilderton  / Van Horne,45.510042,-73.624835,1
6278,Louis-Hébert / St-Zotique,45.55001,-73.59576,1
6043,Square Victoria,45.50206,-73.56295,1
6700,de la Salle / Ste-Catherine,45.550056,-73.534576,1
6141,de Bordeaux / Rachel,45.53227,-73.56828,1
6391,Aylwin / Ontario,45.544136,-73.545609,1
7057,2e avenue / Wellington,45.45789352611307,-73.56752824096475,1
7063,Henri-Julien / Jarry,45.54140622907085,-73.63007068634033,1
6330,de Gaspé / Jarry,45.540780049797995,-73.63040059804916,1
6373,7e avenue / St-Joseph,45.547226645250745,-73.56986984610558,1
6310,de Darlington / de la Côte-Ste-Catherine,45.505403247020155,-73.62116575241089,1
6125,Ellendale / Côte-des-Neiges,45.499757,-73.629298,1
7022,Durocher / Bernard,45.522317596602306,-73.60693126916885,1
6708,Place Jean-Paul Riopelle (Viger / de Bleury),45.50372673707354,-73.56170386075974,1
6134,Gascon / Rachel,45.537964,-73.562643,1
6363,de Clifton / Sherbrooke,45.46904609121779,-73.6185747385025,1
6260,Dandurand / Papineau,45.538589,-73.586302,1
6261,Louis Hémon / Rosemont,45.54458,-73.588069,1
6245,Bloomfield / Van Horne,45.5225858,-73.61265779,1
6232,Hutchison / Van Horne,45.525021229212776,-73.61073732376099,1
6303,Dunlop / Van Horne,45.514905,-73.619682,1
6716,Francis / Fleury,45.563947,-73.655573,1
6228,Waverly / Van Horne,45.527363,-73.607723,1
6259,Dandurand / de Lorimier,45.540881,-73.584157,1
7005,Marquette / Fleury,45.56735205736566,-73.65378744900227,1
6263,de Hampton / de Monkland,45.471161595177456,-73.62720608711243,1
7012,McKenna / Édouard-Montpetit,45.50119450775172,-73.62062528729439,0
6115,Benny / de Monkland,45.466914254987394,-73.6317041516304,1
6919,10e Avenue / Rosemont,45.552649,-73.581185,1
6122,Logan / d'Iberville,45.53057,-73.54913,0
7069,Union / President-Kennedy,45.50499344809821,-73.57170313596725,1
6343,Marquette / Villeray,45.55073714740538,-73.61522197723389,1
6227,de l'Esplanade / Laurier,45.521116220989526,-73.59478354454039,1
6004,Hôtel-de-Ville (du Champs-de-Mars / Gosford),45.50922851966222,-73.55446994304657,1
7078,Hochelaga / Chapleau,45.53463752921148,-73.5599603515584,1
6413,Cathcart / Union,45.503450096027684,-73.56840401887894,1
7029,Cartier / Masson,45.53805998459642,-73.58337676181691,1
6048,Queen / Ottawa,45.4979738,-73.55614096,1
7041,15e avenue / Masson,45.553913774821154,-73.57141882181168,1
6718,Grand Boulevard / Sherbrooke,45.466569,-73.623295,1
7043,Ernest-Gendreau / du Mont-Royal,45.549713734001415,-73.56384828686714,1
6277,Elsdale / Louis-Hébert,45.54918032376485,-73.59385818243027,1
6715,Natatorium (LaSalle / Rolland),45.44440817060518,-73.57556819915771,1
6427,Métro Lasalle (de Rushbrooke / Caisse),45.47069642604657,-73.56542240828276,1
6927,Édouard-Montpetit / Stirling,45.50723,-73.615085,1
6928,Jean-Brillant / McKenna,45.500035,-73.618105,1
6707,Métro Jolicoeur (Drake / de Sève),45.456498000831544,-73.58214363455772,1
6720,Ontario / Viau,45.5594818,-73.535496,1
6428,Berlioz / Boul de l'Ile des Soeurs,45.45998577640931,-73.54395568370819,1
6011,St-André / St-Antoine,45.5140873,-73.55230004,1
7035,Fullum / Gilford,45.53922374455291,-73.57383679656778,1
6701,de Marseille / Viau,45.5639212,-73.5489124,1
6420,Trans Island / Queen-Mary,45.484489,-73.628834,1
6121,Gascon / de Rouen,45.53531111217486,-73.55531483888626,0
7058,Gordon / Wellington,45.461077990108386,-73.56730699539183,1
7059,Argyle / Bannantyne,45.45324567428996,-73.57681475579739,1
6037,St-Nicolas / Place d'Youville,45.50197437877896,-73.55515658855438,1
6404,Quesnel / Vinet,45.485889,-73.577514,1
6198,Hélène-Baillargeon / St-Denis,45.52974,-73.59527,1
6001,Hôtel-de-Ville 2 (du Champs-de-Mars / Gosford),45.50931028555171,-73.55443105101585,1
6738,Union / René-Lévesque,45.50233,-73.566497,1
6053,Belmont / Beaver Hall,45.502326,-73.565138,1
6269,Bercy / Ontario,45.53431097726852,-73.54996919631958,1
6721,Cadillac / Sherbrooke,45.57713595014113,-73.54628920555115,1
6082,6e avenue / Rosemont,45.550613,-73.582883,1
6389,Boyer / Jean-Talon,45.541484,-73.612441,1
5002,St-Charles / Montarville,45.533703286938504,-73.51528286933899,1
6347,Métro St-Michel (Shaughnessy / St-Michel),45.559199,-73.599658,1
6360,8e avenue / Beaubien,45.553215,-73.58752,1
6332,de Gaspé / de Liège,45.542579,-73.636557,1
6367,3e avenue / Dandurand,45.547362,-73.579221,1
6377,Grand Trunk / Hibernia,45.47968,-73.56385,1
6369,West Broadway / Sherbrooke,45.45635829051657,-73.64013027457986,1
6412,Complexe sportif Claude-Robillard (Émile-Journault),45.553262,-73.638615,1
6422,Fleury / Lajeunesse,45.5536,-73.6616,1
6710,de la Roche / Fleury,45.558999740253725,-73.6584135890007,1
6191,St-Zotique / Clark,45.531401,-73.612674,1
6736,Basile-Routhier / Gouin,45.556707915136315,-73.67063373327255,1
6904,Fabre / Beaubien,45.542055,-73.597793,1
7053,Ropery / Augustin-Cantin,45.48091406771754,-73.56846034526825,1
6908,de Bellechasse / de St-Vallier,45.53334868400571,-73.60113568603992,1
6722,Pierre-de-Coubertin/Louis-Veuillot,45.57278890699134,-73.54031324386597,1
7048,Métro Angrignon,45.446534244545326,-73.60354088363238,1
6225,Villeneuve / St-Urbain,45.520188,-73.590559,1
5004,St-Charles / Charlotte,45.539824,-73.508752,1
5007,Métro Longueuil - Université de Sherbrooke,45.523854,-73.519677,1
5006,Collège Édouard-Montpetit,45.53722603812578,-73.49506705999374,1
7025,St-Dominique / Bernard,45.52793332015246,-73.60122251338906,1
6091,Joseph Manceau / René-Lévesque,45.49172173024755,-73.57688951320596,1
6075,University / des Pins,45.508356,-73.580498,1
5003,Place Longueuil,45.52951221728282,-73.51769149303436,1
7024,Berri / Gilford,45.52682312214826,-73.58596038131509,1
6374,Laurier / 15e avenue,45.553215158882175,-73.569495677948,1
7051,Jogues / Allard,45.449900812620385,-73.60025119094644,1
6726,Hamel / Sauvé,45.560742,-73.65041,1
6016,Jacques-Le Ber / de la Pointe Nord,45.472503,-73.539285,1
6231,Jeanne-Mance / St-Viateur,45.52282093699329,-73.60129594802856,1
6229,Coloniale / du Mont-Royal,45.5211613236904,-73.5856157541275,1
6917,Basile-Routhier / Chabanel,45.549985826258116,-73.6479663848877,1
7009,CHSLD Benjamin-Victor-Rousselot (Dickson / Sherbrooke),45.573797819677914,-73.55034470558167,1
6906,Métro Rosemont (Rosemont / de St-Vallier),45.53132719875296,-73.59788820147514,1
6912,de Chateaubriand / Beaubien,45.53550590629069,-73.60388159751892,1
7006,Clark / Fleury,45.54764847825576,-73.6655656993389,1
6033,16e avenue / Beaubien,45.55846014650325,-73.58342975378036,1
6723,26e avenue / Beaubien,45.564944,-73.577639,1
6747,Waverly / St-Zotique,45.5306,-73.614616,1
6314,de Lanaudière / Marie-Anne,45.529219,-73.574777,1
6255,Boyer / St-Zotique,45.53848,-73.60556,1
6226,Hôpital Maisonneuve-Rosemont (Rosemont / Chatelain),45.575707,-73.561562,1
7020,St-Germain / Hochelaga,45.5436987529516,-73.55367332696915,1
6162,Fullum / St-Joseph,45.5398326,-73.57555881,1
6752,Hutchison / Beaubien,45.5262464,-73.61374676,1
7064,Clark / de Liège,45.53996599884117,-73.63814145326614,1
6103,Lespérance / Rouen,45.538799,-73.552496,1
7004,Émile-Journault / de Chateaubriand,45.54983321292286,-73.64063255488873,1
5005,St-Charles / St-Sylvestre,45.53637796305584,-73.51264223456383,1
7023,CHSLD St-Michel (Jarry / 8e avenue),45.561690269046075,-73.61051201820374,1
6502,Casino de Montréal,45.5063732,-73.52457672,1
6214,Square St-Louis,45.51735,-73.56906,1
6021,de l'Hôtel-de-Ville / Sherbrooke,45.51453083866944,-73.56847107410431,1
6209,Milton / Clark,45.51252,-73.57062,1
6044,Roy / St-Christophe,45.5214607296648,-73.57061415910721,1
6345,Louis-Hémon / Villeray,45.554931,-73.610711,1
7062,Nazareth / William,45.49702385100359,-73.55922264978288,1
6338,Ball / Querbes,45.53115128236821,-73.63216549158096,1
6336,Faillon / St-Hubert,45.54279435304991,-73.6181053519249,1
6335,du Rosaire / St-Hubert,45.54467,-73.621581,1
6930,Paul Boutet / des Regrattiers,45.55984236120471,-73.61544728279114,1
6333,Leman / de Chateaubriand,45.547218,-73.631103,1
6273,Cartier / Bélanger,45.546939,-73.602616,1
7044,Hôpital Santa Cabrini (St-Zotique / Jeanne-Jugan),45.5793249650848,-73.5705041885376,1
6361,Molson / Beaubien,45.54968589617967,-73.59115451574326,1
6168,Marmier / St-Denis,45.530871318676006,-73.59834551811218,1
6311,Drolet / St-Zotique,45.53490401211417,-73.60937744379044,1
6915,Alma / Beaubien,45.53237205692519,-73.60643248568522,1
6358,1ère  avenue /St-Zotique,45.551937362101,-73.59392791986465,1
6704,19e avenue / St-Zotique,45.561594,-73.585643,1
6746,Métro Acadie (de l'Acadie / Beaumont),45.52357479400008,-73.62344294786453,1
7045,Casgrain / Mozart,45.53472725603326,-73.6147928237915,1
6364,Chambly / Rachel,45.54991069359101,-73.55826258659361,1
7040,St-Urbain / Beaubien,45.52951650375026,-73.61063808202744,1
6753,St-Zotique / 39e avenue,45.573541425148306,-73.5749227526685,1
6022,Angus (Molson / William-Tremblay),45.54172920185872,-73.56549382209778,1
7065,de Lanaudière / Bélanger,45.54366708217659,-73.60562905669212,1
6116,Plessis / Ontario,45.523584,-73.560941,1
6341,Regina / de Verdun,45.467369,-73.570769,1
6327,Faillon / St-Denis,45.53985704,-73.62038255,1
6713,30e avenue / St-Zotique,45.56822507,-73.57943594,1
6425,Ross / de l'Église,45.462742,-73.565845,1
6265,Parthenais / St-Joseph,45.53854352327858,-73.5761334747076,1
6728,Champagneur / Jean-Talon,45.52679805446713,-73.62421274185179,1
6322,St-Dominique / Gounod,45.538737949470644,-73.62802147865295,1
6275,Chambord / Jean-Talon,45.544828,-73.610458,1
6222,Jeanne Mance / du Mont-Royal,45.5176432,-73.5889283,1
6714,LaSalle / Sénécal,45.43443353453236,-73.58669400215149,1
6110,Poupart / Ste-Catherine,45.529033,-73.54641,1
6340,De La Roche / Everett,45.544867,-73.614841,1
7055,Greene / Workman,45.48118440698601,-73.5793487727642,1
6923,Marquette / Jean-Talon,45.547397448009754,-73.60766351222992,1
7015,LaSalle / 4e avenue,45.43074022417498,-73.5919108253438,1
6741,Notre-Dame / Chatham,45.48691857455084,-73.56942862272263,1
6754,Eadie / Dubois,45.45759682462104,-73.59052859581423,1
6924,de Bordeaux / Jean-Talon,45.54970407823863,-73.60551238059998,1
6132,Larivière / de Lorimier,45.52915520624575,-73.559410572052,1
6925,Louis-Hébert / Jean-Talon,45.553133794745975,-73.60271751880646,1
7079,Gauvin / Notre-Dame,45.50002452937769,-73.56050066671742,1
6735,François-Perrault / L.-O.-David,45.561396,-73.601544,1
7073,Logan / de Champlain,45.52319305128245,-73.55585128068924,1
7046,15e avenue / Dandurand,45.55479651443991,-73.57432097196579,1
7008,Rousselot / Jarry,45.550783282892304,-73.6208975315094,1
6418,de Vendôme / de Maisonneuve,45.47441930263679,-73.6040586233139,1
6403,Georges-Vanier / Notre-Dame,45.4848591377443,-73.5715851187706,1
6737,Jacques-Cassault / Christophe-Colomb,45.552123,-73.630103,1
6372,1ère avenue / Masson,45.5451997,-73.57645065,1
6734,Lajeunesse / Villeray (place Tapéo),45.54211889,-73.6225471,1
6410,Crémazie / Lajeunesse,45.54640752148169,-73.63842844963074,1
6247,St-Dominique / St-Zotique,45.53228145673193,-73.61099146306515,1
6193,de l'Esplanade / Fairmount,45.521495,-73.596758,1
7007,Gare Canora,45.513780237755576,-73.63246321678162,1
6711,Alexandra / Waverly,45.531938,-73.617842,1
6913,Drolet / Beaubien,45.533348,-73.605834,1
7038,Clark / Guilbault,45.514392812725745,-73.57504248619078,1
7042,Alexandra / Jean Talon,45.532330645908054,-73.62018674612045,1
6730,35e avenue / Beaubien,45.570081,-73.573047,1
6357,12e avenue / St-Zotique,45.556905,-73.58925,1
7070,Bourgeoys / Favard,45.47993042065731,-73.55592101812363,1
6748,Young/Wellington,45.49282530947313,-73.55797827243805,1
7028,de Gaspé / St-Viateur,45.52774827884841,-73.59743893146515,1
7049,Ottawa/St-Thomas,45.490873602424855,-73.56238916516304,1
7068,Basin / Richmond,45.48760116378806,-73.56518536806107,1
6006,18e avenue / Rosemont,45.55789545752947,-73.5765291005373,1
7061,Lajeunesse / de Castelnau,45.540396208099985,-73.61681789159775,0
7075,CHSLD Éloria-Lepage (de la Pépinière / de Marseille),45.57694445420869,-73.54045271873474,1
7077,Fullum / Jean Langlois,45.52637123840236,-73.54622004568228,1
6109,Quai de la navette fluviale,45.51341276005555,-73.53825330734253,1
6501,Métro Jean-Drapeau,45.51340900098092,-73.53355407714844,1
6504,La Ronde,45.521769,-73.534859,1
6356,de Monkland / Girouard,45.4771,-73.6212,1
6745,Cathcart / Place Phillips,45.5038053903264,-73.56817871332169,1
7047,Muray / Notre-Dame,45.493985695906844,-73.56327943525685,1
7036,Hutchison / Edouard Charles,45.51826340169339,-73.59577462077141,1
6339,d'Oxford / de Monkland,45.475141540219525,-73.62350463867188,1
6068,Mansfield / Sherbrooke,45.50297,-73.57505,1
6246,Métro Outremont (Wiseman / Van Horne),45.52027053865367,-73.61484915018082,1
6086,Murray / William,45.4935955571179,-73.56196403503418,1
6424,Président-Kennedy / McGill College,45.503063,-73.573986,1
6272,Chabot / St-Zotique,45.54583835279547,-73.59903216362,1
6099,Crescent / de Maisonneuve,45.49815109497532,-73.57760936021805,1
6089,Henri-Julien / Carmel,45.527839413108,-73.59482109546661,1
6080,Métro Vendôme,45.47413823404424,-73.60359728336334,1
6241,Hutchison / Fairmount,45.51948874100965,-73.59849572181702,0
6359,Parc Plage,45.502602268297935,-73.52750301361084,1
6106,Papineau / René-Lévesque,45.52114,-73.54926,1
6334,d'Outremont/Ogilvy,45.5268696805124,-73.62661600112915,1
7001,Ste-Catherine / Ste-Élisabeth,45.51228321268213,-73.56182590126991,1
